{
    "1": 4893940639.159998, 
    "2": 5082784552.54, 
    "3": 5685956206.379997, 
    "4": 4366442458.239998, 
    "5": 4902214690.290006, 
    "6": 3229101736.670002
}